sequence	freq	median_freq	CI_2.5	CI_97.5	prev	variant	sample_total	group_id
01101	0.05491033	0.04720295	0.0065746767	0.14592546	0.30400000	PF3D7_0417200:51_59_108:N_R_N;PF3D7_0810800:437_540:A_E	4	pfdhfr_pfdhps
00011	0.05536007	0.04745344	0.0068644000	0.14927574	0.30670000	PF3D7_0417200:51_59_108:N_C_S;PF3D7_0810800:437_540:G_E	4	pfdhfr_pfdhps
01011	0.05546563	0.04767792	0.0067235012	0.14951682	0.30625000	PF3D7_0417200:51_59_108:N_R_S;PF3D7_0810800:437_540:G_E	4	pfdhfr_pfdhps
10000	0.03923148	0.03030004	0.0012619592	0.12550741	0.15676667	PF3D7_0417200:51_59_108:I_C_S;PF3D7_0810800:437_540:A_K	4	pfdhfr_pfdhps
11000	0.04357610	0.03497315	0.0016736810	0.13505101	0.19016667	PF3D7_0417200:51_59_108:I_R_S;PF3D7_0810800:437_540:A_K	4	pfdhfr_pfdhps
10010	0.04387761	0.03510879	0.0015683833	0.13454181	0.19558333	PF3D7_0417200:51_59_108:I_C_S;PF3D7_0810800:437_540:G_K	4	pfdhfr_pfdhps
11010	0.04113603	0.03120971	0.0012389812	0.13476300	0.16813333	PF3D7_0417200:51_59_108:I_R_S;PF3D7_0810800:437_540:G_K	4	pfdhfr_pfdhps
00000	0.02643071	0.01861780	0.0006814041	0.09346486	0.02776667	PF3D7_0417200:51_59_108:N_C_S;PF3D7_0810800:437_540:A_K	4	pfdhfr_pfdhps
01000	0.02659441	0.01873129	0.0006661867	0.09406577	0.02816667	PF3D7_0417200:51_59_108:N_R_S;PF3D7_0810800:437_540:A_K	4	pfdhfr_pfdhps
00100	0.02741997	0.01958008	0.0007662740	0.09804483	0.03635000	PF3D7_0417200:51_59_108:N_C_N;PF3D7_0810800:437_540:A_K	4	pfdhfr_pfdhps
10100	0.02774735	0.01963864	0.0006370621	0.09810812	0.03778333	PF3D7_0417200:51_59_108:I_C_N;PF3D7_0810800:437_540:A_K	4	pfdhfr_pfdhps
01100	0.02726863	0.01923668	0.0007129816	0.09691900	0.03543333	PF3D7_0417200:51_59_108:N_R_N;PF3D7_0810800:437_540:A_K	4	pfdhfr_pfdhps
11100	0.02636777	0.01870544	0.0006935223	0.09447306	0.02688333	PF3D7_0417200:51_59_108:I_R_N;PF3D7_0810800:437_540:A_K	4	pfdhfr_pfdhps
00010	0.02600185	0.01834923	0.0006570946	0.09243661	0.02260000	PF3D7_0417200:51_59_108:N_C_S;PF3D7_0810800:437_540:G_K	4	pfdhfr_pfdhps
01010	0.02696911	0.01910869	0.0006536325	0.09636053	0.02766667	PF3D7_0417200:51_59_108:N_R_S;PF3D7_0810800:437_540:G_K	4	pfdhfr_pfdhps
00110	0.02661756	0.01907206	0.0006016189	0.09609528	0.02935000	PF3D7_0417200:51_59_108:N_C_N;PF3D7_0810800:437_540:G_K	4	pfdhfr_pfdhps
10110	0.02596853	0.01838108	0.0006682856	0.09357268	0.02318333	PF3D7_0417200:51_59_108:I_C_N;PF3D7_0810800:437_540:G_K	4	pfdhfr_pfdhps
01110	0.02602310	0.01825182	0.0007030782	0.09329104	0.02323333	PF3D7_0417200:51_59_108:N_R_N;PF3D7_0810800:437_540:G_K	4	pfdhfr_pfdhps
11110	0.02713127	0.01887108	0.0007235725	0.09808654	0.03460000	PF3D7_0417200:51_59_108:I_R_N;PF3D7_0810800:437_540:G_K	4	pfdhfr_pfdhps
00001	0.02692415	0.01912519	0.0006821182	0.09593115	0.03093333	PF3D7_0417200:51_59_108:N_C_S;PF3D7_0810800:437_540:A_E	4	pfdhfr_pfdhps
10001	0.02594279	0.01820789	0.0006458989	0.09505400	0.02661667	PF3D7_0417200:51_59_108:I_C_S;PF3D7_0810800:437_540:A_E	4	pfdhfr_pfdhps
01001	0.02669682	0.01898692	0.0006676925	0.09695372	0.02865000	PF3D7_0417200:51_59_108:N_R_S;PF3D7_0810800:437_540:A_E	4	pfdhfr_pfdhps
11001	0.02708093	0.01917869	0.0007369231	0.09784431	0.03260000	PF3D7_0417200:51_59_108:I_R_S;PF3D7_0810800:437_540:A_E	4	pfdhfr_pfdhps
00101	0.02625743	0.01873075	0.0007032900	0.09404755	0.03090000	PF3D7_0417200:51_59_108:N_C_N;PF3D7_0810800:437_540:A_E	4	pfdhfr_pfdhps
10101	0.02605070	0.01836024	0.0006180339	0.09492433	0.02445000	PF3D7_0417200:51_59_108:I_C_N;PF3D7_0810800:437_540:A_E	4	pfdhfr_pfdhps
11101	0.02652826	0.01875503	0.0006903238	0.09347579	0.02888333	PF3D7_0417200:51_59_108:I_R_N;PF3D7_0810800:437_540:A_E	4	pfdhfr_pfdhps
10011	0.02629658	0.01871731	0.0006952614	0.09379377	0.02551667	PF3D7_0417200:51_59_108:I_C_S;PF3D7_0810800:437_540:G_E	4	pfdhfr_pfdhps
11011	0.02634230	0.01871644	0.0006743013	0.09346126	0.02291667	PF3D7_0417200:51_59_108:I_R_S;PF3D7_0810800:437_540:G_E	4	pfdhfr_pfdhps
00111	0.02645683	0.01852343	0.0007527058	0.09631746	0.02770000	PF3D7_0417200:51_59_108:N_C_N;PF3D7_0810800:437_540:G_E	4	pfdhfr_pfdhps
10111	0.02701928	0.01910395	0.0007305213	0.09637090	0.03306667	PF3D7_0417200:51_59_108:I_C_N;PF3D7_0810800:437_540:G_E	4	pfdhfr_pfdhps
01111	0.02638872	0.01859474	0.0007169115	0.09737358	0.02811667	PF3D7_0417200:51_59_108:N_R_N;PF3D7_0810800:437_540:G_E	4	pfdhfr_pfdhps
11111	0.02791768	0.02002989	0.0007384095	0.09791271	0.04120000	PF3D7_0417200:51_59_108:I_R_N;PF3D7_0810800:437_540:G_E	4	pfdhfr_pfdhps
011	0.16033039	0.14364221	0.0227982214	0.38926250	0.38635000	PF3D7_0417200:51_59_108:N_R_N	4	pfdhfr
000	0.15434370	0.13814497	0.0218712404	0.37658757	0.36666667	PF3D7_0417200:51_59_108:N_C_S	4	pfdhfr
010	0.15396087	0.13655066	0.0221266715	0.38020025	0.36345000	PF3D7_0417200:51_59_108:N_R_S	4	pfdhfr
100	0.15594719	0.13924809	0.0215586457	0.38276630	0.37276667	PF3D7_0417200:51_59_108:I_C_S	4	pfdhfr
110	0.15189887	0.13503859	0.0213530923	0.37262305	0.36345000	PF3D7_0417200:51_59_108:I_R_S	4	pfdhfr
001	0.07277929	0.05399354	0.0019737593	0.24477594	0.07571667	PF3D7_0417200:51_59_108:N_C_N	4	pfdhfr
101	0.07517402	0.05635432	0.0023041156	0.25309283	0.08201667	PF3D7_0417200:51_59_108:I_C_N	4	pfdhfr
111	0.07556566	0.05573110	0.0022186613	0.25530822	0.07926667	PF3D7_0417200:51_59_108:I_R_N	4	pfdhfr
01	0.24814463	0.23070572	0.0374497712	0.55612990	0.41716667	PF3D7_0810800:437_540:A_E	4	pfdhps
11	0.25422266	0.23618104	0.0402949018	0.56683561	0.42675000	PF3D7_0810800:437_540:G_E	4	pfdhps
00	0.25016402	0.23274543	0.0412530126	0.55628448	0.42551667	PF3D7_0810800:437_540:A_K	4	pfdhps
10	0.24746868	0.22895894	0.0402220412	0.55287646	0.41715000	PF3D7_0810800:437_540:G_K	4	pfdhps
