snp_name	seq_base	plmaf
Pf3D7_01_v3-181574	G	0.4497630293093181
Pf3D7_01_v3-181658	G	0.36904616237998517
Pf3D7_01_v3-528906	A	0.0778546286952027
Pf3D7_01_v3-528933	T	0.061125195887792194
Pf3D7_01_v3-528982	T	0.08555066007006834
Pf3D7_01_v3-529054	A	0.310130373068813
Pf3D7_01_v3-529064	C	0.1371009427228198
Pf3D7_02_v3-290665	T	0.01042359909490217
Pf3D7_02_v3-290666	C	0.1834154132836417
Pf3D7_02_v3-291877	T	0.04660426209918343
Pf3D7_02_v3-291978	G	0.05708026289583748
Pf3D7_03_v3-891611	C	0.27064517894703916
Pf3D7_03_v3-891678	C	0.03998060788039441
Pf3D7_03_v3-891701	G	0.04478172136339112
Pf3D7_03_v3-891763	T	0.06969433953411996
Pf3D7_04_v3-1005985	T	0.1475488106402933
Pf3D7_04_v3-1005986	C	0.1475488106402933
Pf3D7_04_v3-1006031	T	0.1475488106402933
Pf3D7_04_v3-1006054	T	0.31040156876119024
Pf3D7_04_v3-1006068	G	0.31040156876119024
Pf3D7_04_v3-110011	A	0.005765805181411919
Pf3D7_04_v3-110069	A	0.14800462514453577
Pf3D7_04_v3-115612	C	0.12159810126582278
Pf3D7_04_v3-115622	T	0.3276344936708861
Pf3D7_04_v3-544533	G	0.24991179487179488
Pf3D7_04_v3-544536	G	0.24991179487179488
Pf3D7_04_v3-544563	G	0.24991179487179488
Pf3D7_04_v3-544614	C	0.10829948717948717
Pf3D7_04_v3-544672	G	0.33519589743589745
Pf3D7_04_v3-748238	A	0.39908019592311794
Pf3D7_04_v3-748576	T	0.30667736179547206
Pf3D7_05_v3-1322147	G	0.3649701672589743
Pf3D7_05_v3-1322158	C	0.39269179355091127
Pf3D7_05_v3-1322219	T	0.34913273124449806
Pf3D7_05_v3-1322222	G	0.36030778259593754
Pf3D7_05_v3-350932	G	0.1557111604237401
Pf3D7_05_v3-350956	T	0.1557111604237401
Pf3D7_05_v3-351004	G	0.22514525879982122
Pf3D7_05_v3-396066	C	0.15351742274819197
Pf3D7_05_v3-550975	G	0.0656063304907076
Pf3D7_05_v3-668909	G	0.05633187772925764
Pf3D7_05_v3-668975	G	0.27187449458191815
Pf3D7_05_v3-958439	T	0.2888509212179956
Pf3D7_05_v3-961565	A	0.04642315398405243
Pf3D7_06_v3-532249	T	0.41148238102737966
Pf3D7_06_v3-532303	T	0.1403135024909439
Pf3D7_06_v3-532351	G	0.037791059127796615
Pf3D7_07_v3-105279	C	0.007227386603375527
Pf3D7_07_v3-105303	T	0.007227386603375527
Pf3D7_07_v3-403619	G	0.06842853648094918
Pf3D7_07_v3-403620	A	0.06842853648094918
Pf3D7_07_v3-403622	T	0.3562473243226714
Pf3D7_07_v3-403624	A	0.06842853648094918
Pf3D7_07_v3-403674	T	0.0342945385603327
Pf3D7_07_v3-403687	T	0.04497555496828753
Pf3D7_07_v3-404006	T	0.28371073894165316
Pf3D7_07_v3-404007	T	0.28371073894165316
Pf3D7_07_v3-404009	A	0.04040696971893956
Pf3D7_07_v3-404018	A	0.28371073894165316
Pf3D7_07_v3-404835	C	0.06703201950022386
Pf3D7_07_v3-405361	G	0.3312232510455485
Pf3D7_07_v3-405382	G	0.29483653642739743
Pf3D7_07_v3-405527	T	0.009812696294608713
Pf3D7_07_v3-405599	C	0.3383254762925157
Pf3D7_07_v3-405688	C	0.011345307203802548
Pf3D7_07_v3-432927	A	0.21596380782888555
Pf3D7_07_v3-433053	A	0.10476768651192961
Pf3D7_07_v3-627404	C	0.4236015165633133
Pf3D7_07_v3-627423	C	0.45371590142338464
Pf3D7_07_v3-627435	C	0.07675191980207563
Pf3D7_07_v3-627477	T	0.24857018924910837
Pf3D7_07_v3-729549	C	0.264207353827607
Pf3D7_07_v3-896659	T	0.11929756034047817
Pf3D7_08_v3-1099847	G	0.07567389263391158
Pf3D7_08_v3-1099892	C	0.10797506576109481
Pf3D7_08_v3-1099943	C	0.10797506576109481
Pf3D7_08_v3-1176412	C	0.057498134792340214
Pf3D7_08_v3-1176456	C	0.057498134792340214
Pf3D7_08_v3-1176481	T	0.057498134792340214
Pf3D7_08_v3-336478	A	0.32579421810928577
Pf3D7_08_v3-336550	C	0.045037795450848794
Pf3D7_08_v3-336601	A	0.045037795450848794
Pf3D7_08_v3-549680	G	0.1472999669331796
Pf3D7_08_v3-549684	G	0.48631118421610436
Pf3D7_08_v3-549992	G	0.08934466471414786
Pf3D7_08_v3-549994	T	0.16344444632548374
Pf3D7_08_v3-550116	G	0.16264218256511634
Pf3D7_09_v3-595887	G	0.1273641685217248
Pf3D7_09_v3-595954	C	0.1273641685217248
Pf3D7_09_v3-595959	G	0.1273641685217248
Pf3D7_09_v3-595968	T	0.1273641685217248
Pf3D7_09_v3-596040	G	0.1273641685217248
Pf3D7_10_v3-1414386	T	0.4770338044130955
Pf3D7_10_v3-1414439	T	0.485347474183645
Pf3D7_10_v3-1414451	A	0.485347474183645
Pf3D7_10_v3-1414524	T	0.11918233408604606
Pf3D7_10_v3-1414536	A	0.485347474183645
Pf3D7_11_v3-115952	A	0.269822130868953
Pf3D7_11_v3-116142	T	0.3640490718112224
Pf3D7_11_v3-1293956	T	0.13345409169584993
Pf3D7_11_v3-1293970	G	0.09434448335547237
Pf3D7_11_v3-1294008	G	0.3231896308819386
Pf3D7_11_v3-1294106	T	0.2332649035945739
Pf3D7_11_v3-1294699	T	0.07953471096704484
Pf3D7_11_v3-1294702	T	0.4374324689357104
Pf3D7_11_v3-1294707	G	0.23644313884386817
Pf3D7_11_v3-1294740	C	0.2086794300378174
Pf3D7_11_v3-1294752	A	0.33373851971907076
Pf3D7_11_v3-1294776	C	0.36072562128579144
Pf3D7_11_v3-1294849	T	0.11727613452188007
Pf3D7_11_v3-1295158	A	0.2293927499422766
Pf3D7_11_v3-1295169	A	0.26215489659267077
Pf3D7_11_v3-1295196	A	0.16229343272751262
Pf3D7_11_v3-1295206	T	0.23587426196523403
Pf3D7_11_v3-1295308	T	0.4147920308737672
Pf3D7_12_v3-659925	T	0.35959373470386685
Pf3D7_12_v3-659928	C	0.07999673682493066
Pf3D7_12_v3-659929	A	0.06490455212922173
Pf3D7_12_v3-659952	A	0.12314406917931146
Pf3D7_12_v3-659965	A	0.10812530592266276
Pf3D7_12_v3-659968	A	0.07927068037200195
Pf3D7_12_v3-659975	T	0.060833741230217
Pf3D7_12_v3-659976	A	0.10582476749877631
Pf3D7_12_v3-659985	T	0.11685429923315385
Pf3D7_12_v3-659986	G	0.33783651492902594
Pf3D7_12_v3-659987	C	0.3211372165116658
Pf3D7_13_v3-1419414	T	0.30898690835850956
Pf3D7_13_v3-1419419	T	0.24070090634441088
Pf3D7_13_v3-1419426	C	0.3418489425981873
Pf3D7_13_v3-1419447	T	0.3464813695871098
Pf3D7_13_v3-1419450	C	0.31166968781470294
Pf3D7_13_v3-1419462	A	0.03286203423967774
Pf3D7_13_v3-1419502	T	0.04924068479355488
Pf3D7_13_v3-1419506	A	0.04924068479355488
Pf3D7_13_v3-1419518	C	0.27356294058408864
Pf3D7_13_v3-1419558	T	0.08795971802618328
Pf3D7_13_v3-1419561	T	0.1777804632426989
Pf3D7_13_v3-1465670	T	0.1523024705721874
Pf3D7_13_v3-1465684	A	0.44260072055012156
Pf3D7_13_v3-1465730	C	0.20063870589840083
Pf3D7_13_v3-1465790	T	0.03599541030434818
Pf3D7_13_v3-1466077	A	0.22507634559104212
Pf3D7_13_v3-146744	G	0.3262690688554028
Pf3D7_13_v3-146894	T	0.12390414962010521
Pf3D7_13_v3-1725258	T	0.24921420653840898
Pf3D7_13_v3-1725520	G	0.04538937460065143
Pf3D7_13_v3-2114327	G	0.21087620634590015
Pf3D7_13_v3-2114338	G	0.34029368881483024
Pf3D7_14_v3-1956201	C	0.036036607610195566
Pf3D7_14_v3-1956224	G	0.35245134582137133
Pf3D7_14_v3-2004482	T	0.1125100035476499
Pf3D7_14_v3-2004493	C	0.23709026706378344
Pf3D7_14_v3-2020794	C	0.12608153179968523
Pf3D7_14_v3-2481069	A	0.3991928635551206
Pf3D7_14_v3-2481072	C	0.3991928635551206
Pf3D7_14_v3-3124513	G	0.09408691050995437
Pf3D7_14_v3-3124585	C	0.1775497718103049
Pf3D7_14_v3-3125869	T	0.23965333688202808
Pf3D7_14_v3-3125880	C	0.03946536695721605
Pf3D7_14_v3-3126004	A	0.2395951161088562
Pf3D7_14_v3-3126035	C	0.20015470091157098
Pf3D7_14_v3-377868	T	0.12677181567351645
Pf3D7_14_v3-377951	C	0.048099493472799904
Pf3D7_14_v3-377967	T	0.03595931309969938
Pf3D7_14_v3-407354	G	0.07808437272487259
Pf3D7_14_v3-407356	T	0.07808437272487259
Pf3D7_14_v3-407382	A	0.0906130743321626
Pf3D7_14_v3-407385	A	0.0906130743321626
Pf3D7_14_v3-407443	G	0.0330738521357196
Pf3D7_14_v3-921223	T	0.3466010188412509
Pf3D7_14_v3-921328	T	0.30192312379652425
Pf3D7_14_v3-921394	T	0.15521485850781194
